<PAMDataset>
  <SRS>PROJCS["unnamed",GEOGCS["unnamed",DATUM["GRS_80",SPHEROID["GRS 80",6378137,298.257222101],TOWGS84[0,0,0,0,0,0,0]],PRIMEM["Greenwich",0],UNIT["degree",0.0174532925199433]],PROJECTION["Lambert_Conformal_Conic_2SP"],PARAMETER["standard_parallel_1",44],PARAMETER["standard_parallel_2",49.00000000001],PARAMETER["latitude_of_origin",46.5],PARAMETER["central_meridian",3],PARAMETER["false_easting",700000],PARAMETER["false_northing",6600000],UNIT["metre",1,AUTHORITY["EPSG","9001"]]]</SRS>
  <GeoTransform> 9.9225999239183089e+004, 1.4289362513069118e+003, 0.0000000000000000e+000, 7.1105240009702919e+006, 0.0000000000000000e+000,-1.3260962512810843e+003</GeoTransform>
  <Metadata>
    <MDI key="AREA_OR_POINT">Area</MDI>
  </Metadata>
</PAMDataset>
